sale_date,product,revenue_usd
23/01/2026,Product_B,1019.21
2026-01-08,Product_D,515.58
07-10-2026,Product_A,1775.44
14/02/2026,Product_D,3616.43
2026-09-09,Product_A,4056.41
01-21-2026,Product_B,4993.84
25/01/2026,Product_D,1552.17
2026-05-23,Product_C,2098.92
08-24-2026,Product_D,770.42
12/05/2026,Product_C,2916.87
2026-08-05,Product_C,4988.14
03-17-2026,Product_B,3534.32
19/02/2026,Product_A,3016.54
2026-06-10,Product_A,2022.61
06-26-2026,Product_B,4584.96
03/11/2026,Product_A,2534.89
2026-05-21,Product_C,758.4
05-09-2026,Product_D,1890.35
21/08/2026,Product_D,429.12
2026-02-20,Product_B,1089.7
09-11-2026,Product_D,186.58
25/08/2026,Product_D,2321.07
2026-04-01,Product_D,3209.25
08-06-2026,Product_B,1782.13
21/06/2026,Product_B,2159.87
2026-06-05,Product_D,4800.13
08-05-2026,Product_A,3784.62
12/10/2026,Product_B,2750.2
2026-11-27,Product_A,1494.25
11-16-2026,Product_D,4495.28
06/10/2026,Product_C,1251.98
2026-09-27,Product_A,1694.18
08-04-2026,Product_A,4554.42
14/05/2026,Product_C,2694.76
2026-10-11,Product_C,3737.36
04-03-2026,Product_D,2994.65
23/09/2026,Product_B,3301.85
2026-01-12,Product_D,1566.98
06-13-2026,Product_B,1282.72
25/02/2026,Product_D,1680.21
2026-04-05,Product_A,861.66
03-25-2026,Product_A,4384.14
26/01/2026,Product_A,1487.91
2026-07-07,Product_B,2851.3
03-08-2026,Product_D,3980.67
06/06/2026,Product_A,3940.74
2026-11-16,Product_B,2248.09
08-14-2026,Product_A,2433.66
01/01/2026,Product_D,4974.04
2026-03-07,Product_C,3405.53
10-23-2026,Product_D,4091.73
24/08/2026,Product_C,4522.51
2026-07-18,Product_C,3959.19
05-19-2026,Product_D,1007.38
22/09/2026,Product_A,2854.64
2026-07-02,Product_D,599.28
08-10-2026,Product_C,3299.32
21/06/2026,Product_C,4781.21
2026-10-10,Product_B,2612.39
11-23-2026,Product_D,2221.57
09/06/2026,Product_B,275.63
2026-06-21,Product_A,4802.9
08-24-2026,Product_D,604.71
10/06/2026,Product_A,301.29
2026-05-25,Product_A,1305.73
04-16-2026,Product_C,421.1
04/10/2026,Product_A,2330.08
2026-05-10,Product_D,2628.83
07-14-2026,Product_B,1631.59
23/06/2026,Product_A,349.71
2026-06-03,Product_D,646.84
01-11-2026,Product_C,1984.07
27/11/2026,Product_B,396.59
2026-07-18,Product_C,3521.13
05-05-2026,Product_C,1114.4
01/04/2026,Product_A,1580.15
2026-04-06,Product_D,2031.22
03-01-2026,Product_B,2141.39
17/11/2026,Product_C,108.14
2026-08-13,Product_D,649.14
05-09-2026,Product_C,4327.55
04/07/2026,Product_C,106.04
2026-07-01,Product_B,2590.02
05-08-2026,Product_A,2498.56
05/08/2026,Product_B,1732.16
2026-06-18,Product_D,2213.5
08-27-2026,Product_C,3924.85
22/07/2026,Product_B,4221.9
2026-10-13,Product_D,1375.71
11-21-2026,Product_D,1680.2
18/10/2026,Product_D,1288.17
2026-06-20,Product_B,2451.33
04-27-2026,Product_C,3447.97
17/09/2026,Product_C,1218.44
2026-06-24,Product_B,1720.61
01-04-2026,Product_B,4658.88
14/09/2026,Product_A,337.99
2026-09-12,Product_B,2357.77
08-15-2026,Product_C,3586.63
26/08/2026,Product_D,837.22
