month,product,revenue_usd
2026-01,Product_A,17320.36
2026-01,Product_B,4793.83
2026-01,Product_C,15223.18
2026-01,Product_D,5474.75
2026-02,Product_A,6873.66
2026-02,Product_B,14778.28
2026-02,Product_C,19643.69
2026-02,Product_D,13007.78
2026-03,Product_A,2981.01
2026-03,Product_B,13093.56
2026-03,Product_C,2762.31
2026-03,Product_D,17914.62
2026-04,Product_A,14772.41
2026-04,Product_B,5116.3
2026-04,Product_C,3650.98
2026-04,Product_D,5303.6
2026-05,Product_A,19640.49
2026-05,Product_B,10254.09
2026-05,Product_C,16113.46
2026-05,Product_D,13455.35
2026-06,Product_A,12303.44
2026-06,Product_B,4612.34
2026-06,Product_C,19028.44
2026-06,Product_D,7424.17
