date,product,mac_id,model_number,units_sold,unit_price_usd,revenue_usd
2026-07-01,MacBook Air 13 M3,MAC-A1932-M3X,MBAM3-13-8-256,42,1099.00,46158.00
2026-07-02,MacBook Pro 14 M3 Pro,MAC-A2442-M3P,MBPM3-14-18-512,27,1999.00,53973.00
2026-07-03,MacBook Pro 16 M3 Max,MAC-A2485-M3M,MBPM3-16-36-1TB,15,3499.00,52485.00
2026-07-04,MacBook Air 15 M3,MAC-A2941-M3X,MBAM3-15-8-512,38,1299.00,49362.00
2026-07-05,Dell XPS 15 9530,DEL-X9530-I9,DXPS-15-32-1TB,22,2199.00,48378.00
2026-07-06,HP Spectre x360 14,HPE-SP360-14,HPSX-14-16-512,31,1749.00,54219.00
2026-07-07,Lenovo ThinkPad X1 Carbon,LEN-X1C-G11,LTPX1-14-16-512,19,1849.00,35131.00
2026-07-08,ASUS ROG Zephyrus G14,ASU-RZG14-R9,ARZG-14-32-1TB,25,1699.00,42475.00
2026-07-09,MacBook Air 13 M3,MAC-A1932-M3X,MBAM3-13-8-256,55,1099.00,60445.00
2026-07-10,MacBook Pro 14 M3 Pro,MAC-A2442-M3P,MBPM3-14-18-512,18,1999.00,35982.00
