month,product,cogs_usd,marketing_usd,overhead_usd,total_expense_usd
2026-01,Product_A,1026.97,178.94,346.04,1551.95
2026-01,Product_B,2383.74,796.89,352.05,3532.68
2026-01,Product_C,2001.37,908.53,393.14,3303.04
2026-01,Product_D,1717.41,427.77,191.5,2336.68
2026-02,Product_A,1209.25,233.01,471.26,1913.52
2026-02,Product_B,2470.57,444.99,378.36,3293.92
2026-02,Product_C,2988.47,942.53,401.14,4332.14
2026-02,Product_D,2657.16,438.72,493.98,3589.86
2026-03,Product_A,3729.92,956.08,103.32,4789.32
2026-03,Product_B,4327.4,673.37,104.86,5105.63
2026-03,Product_C,3147.16,717.49,55.54,3920.19
2026-03,Product_D,2544.43,842.86,182.91,3570.2
