month,product,revenue_usd,cost_eur,note
2026-01,Product_A,6202.15,3076.06,No conversion rate available
2026-01,Product_B,7297.98,3045.97,No conversion rate available
2026-01,Product_C,6843.1,3659.01,No conversion rate available
2026-01,Product_D,9465.35,3415.77,No conversion rate available
2026-02,Product_A,2335.95,3435.95,No conversion rate available
2026-02,Product_B,5575.17,1922.96,No conversion rate available
2026-02,Product_C,4636.31,4043.44,No conversion rate available
2026-02,Product_D,5267.52,2971.15,No conversion rate available
2026-03,Product_A,2072.96,2441.38,No conversion rate available
2026-03,Product_B,2206.85,3317.06,No conversion rate available
2026-03,Product_C,3502.68,2122.96,No conversion rate available
2026-03,Product_D,3742.34,2807.33,No conversion rate available
2026-04,Product_A,4851.13,3815.18,No conversion rate available
2026-04,Product_B,6498.89,4488.81,No conversion rate available
2026-04,Product_C,6711.66,4644.76,No conversion rate available
2026-04,Product_D,4706.3,2766.35,No conversion rate available
2026-05,Product_A,4679.05,2841.24,No conversion rate available
2026-05,Product_B,2958.66,4099.42,No conversion rate available
2026-05,Product_C,6294.76,1915.03,No conversion rate available
2026-05,Product_D,3853.37,4268.22,No conversion rate available
2026-06,Product_A,1324.54,2723.64,No conversion rate available
2026-06,Product_B,4765.6,1021.36,No conversion rate available
2026-06,Product_C,5267.19,824.27,No conversion rate available
2026-06,Product_D,3030.34,4288.97,No conversion rate available
