date,product,units_sold,unit_price_usd,revenue_usd
2026-01-01,Product_A,38,45.21,1717.98
2026-01-02,Product_D,104,28.35,2948.4
2026-01-03,Product_C,142,19.22,2729.24
2026-01-04,Product_B,104,39.74,4132.96
2026-01-05,Product_B,94,34.77,3268.38
2026-01-06,Product_D,41,21.81,894.21
2026-01-07,Product_A,82,9.25,758.5
2026-01-08,Product_C,55,38.61,2123.55
2026-01-09,Product_A,67,16.81,1126.27
2026-01-10,Product_A,139,47.16,6555.24
2026-01-11,Product_C,129,15.84,2043.36
2026-01-12,Product_D,125,10.52,1315.0
2026-01-13,Product_C,78,42.4,3307.2
2026-01-14,Product_D,192,11.9,2284.8
2026-01-15,Product_C,26,13.07,339.82
2026-01-16,Product_D,75,31.97,2397.75
2026-01-17,Product_C,32,44.36,1419.52
2026-01-18,Product_A,74,13.84,1024.16
2026-01-19,Product_D,192,18.96,3640.32
2026-01-20,Product_B,79,39.98,3158.42
2026-01-21,Product_C,182,48.73,8868.86
2026-01-22,Product_B,104,27.53,2863.12
2026-01-23,Product_A,142,11.48,1630.16
2026-01-24,Product_D,96,5.63,540.48
2026-01-25,Product_D,60,15.33,919.8
2026-01-26,Product_C,155,10.93,1694.15
2026-01-27,Product_B,194,35.49,6885.06
2026-01-28,Product_D,60,10.48,628.8
2026-01-29,Product_C,157,27.78,4361.46
2026-01-30,Product_B,59,36.24,2138.16
2026-01-31,Product_B,146,31.15,4547.9
2026-02-01,Product_A,159,13.99,2224.41
2026-02-02,Product_A,95,41.19,3913.05
2026-02-03,Product_C,150,37.19,5578.5
2026-02-04,Product_D,61,38.25,2333.25
2026-02-05,Product_A,25,10.9,272.5
2026-02-06,Product_D,28,10.57,295.96
2026-02-07,Product_D,94,46.74,4393.56
2026-02-08,Product_B,181,22.89,4143.09
2026-02-09,Product_C,34,18.54,630.36
2026-02-10,Product_A,96,26.99,2591.04
2026-02-11,Product_D,143,34.83,4980.69
2026-02-12,Product_C,48,48.0,2304.0
2026-02-13,Product_B,147,17.89,2629.83
2026-02-14,Product_A,68,46.62,3170.16
2026-02-15,Product_D,163,6.12,997.56
2026-02-16,Product_B,120,29.98,3597.6
2026-02-17,Product_D,113,33.53,3788.89
2026-02-18,Product_C,43,9.77,420.11
2026-02-19,Product_D,98,11.32,1109.36
2026-02-20,Product_D,172,23.86,4103.92
2026-02-21,Product_A,13,48.48,630.24
2026-02-22,Product_B,154,31.82,4900.28
2026-02-23,Product_B,103,46.99,4839.97
2026-02-24,Product_B,146,41.2,6015.2
2026-02-25,Product_A,136,26.03,3540.08
2026-02-26,Product_C,92,40.31,3708.52
2026-02-27,Product_A,68,5.8,394.4
2026-02-28,Product_C,129,9.91,1278.39
2026-03-01,Product_C,36,42.32,1523.52
2026-03-02,Product_D,120,40.86,4903.2
2026-03-03,Product_C,27,15.47,417.69
2026-03-04,Product_B,133,28.88,3841.04
2026-03-05,Product_D,129,32.27,4162.83
2026-03-06,Product_B,26,44.05,1145.3
2026-03-07,Product_B,153,32.14,4917.42
2026-03-08,Product_D,89,23.57,2097.73
2026-03-09,Product_B,159,21.84,3472.56
2026-03-10,Product_A,17,24.16,410.72
2026-03-11,Product_B,44,34.34,1510.96
2026-03-12,Product_D,103,44.04,4536.12
2026-03-13,Product_A,45,25.43,1144.35
2026-03-14,Product_B,72,16.15,1162.8
2026-03-15,Product_A,135,15.65,2112.75
2026-03-16,Product_C,37,38.57,1427.09
2026-03-17,Product_B,138,41.75,5761.5
2026-03-18,Product_B,29,9.74,282.46
2026-03-19,Product_A,43,8.0,344.0
2026-03-20,Product_C,121,31.75,3841.75
2026-03-21,Product_C,160,11.58,1852.8
2026-03-22,Product_D,42,42.11,1768.62
2026-03-23,Product_B,66,18.97,1252.02
2026-03-24,Product_A,185,11.47,2121.95
2026-03-25,Product_D,198,46.44,9195.12
2026-03-26,Product_C,120,12.45,1494.0
2026-03-27,Product_C,94,17.81,1674.14
2026-03-28,Product_A,75,11.91,893.25
2026-03-29,Product_B,126,10.2,1285.2
2026-03-30,Product_D,122,5.95,725.9
2026-03-31,Product_D,66,7.49,494.34
2026-04-01,Product_B,14,12.86,180.04
2026-04-02,Product_D,38,7.4,281.2
2026-04-03,Product_D,192,31.6,6067.2
2026-04-04,Product_B,89,35.63,3171.07
2026-04-05,Product_D,101,22.71,2293.71
2026-04-06,Product_B,98,19.31,1892.38
2026-04-07,Product_A,158,27.7,4376.6
2026-04-08,Product_C,22,44.38,976.36
2026-04-09,Product_C,25,43.3,1082.5
2026-04-10,Product_A,62,6.96,431.52
2026-04-11,Product_D,102,13.17,1343.34
2026-04-12,Product_A,137,15.65,2144.05
2026-04-13,Product_D,103,16.22,1670.66
2026-04-14,Product_A,93,30.71,2856.03
2026-04-15,Product_D,188,23.73,4461.24
2026-04-16,Product_D,40,7.22,288.8
2026-04-17,Product_D,118,21.81,2573.58
2026-04-18,Product_C,113,28.57,3228.41
2026-04-19,Product_B,99,9.58,948.42
2026-04-20,Product_C,163,42.51,6929.13
2026-04-21,Product_B,60,7.34,440.4
2026-04-22,Product_D,191,46.62,8904.42
2026-04-23,Product_C,72,9.46,681.12
2026-04-24,Product_B,113,42.96,4854.48
2026-04-25,Product_C,108,45.62,4926.96
2026-04-26,Product_C,171,49.08,8392.68
2026-04-27,Product_A,93,41.09,3821.37
2026-04-28,Product_A,64,40.08,2565.12
2026-04-29,Product_A,14,33.91,474.74
2026-04-30,Product_A,79,40.05,3163.95
2026-05-01,Product_B,166,11.05,1834.3
2026-05-02,Product_C,11,29.12,320.32
2026-05-03,Product_C,180,28.14,5065.2
2026-05-04,Product_B,113,43.59,4925.67
2026-05-05,Product_D,36,25.83,929.88
2026-05-06,Product_C,67,22.33,1496.11
2026-05-07,Product_A,115,33.78,3884.7
2026-05-08,Product_D,69,16.99,1172.31
2026-05-09,Product_C,30,11.29,338.7
2026-05-10,Product_C,136,26.5,3604.0
2026-05-11,Product_C,137,23.76,3255.12
2026-05-12,Product_C,32,15.47,495.04
2026-05-13,Product_A,63,21.54,1357.02
2026-05-14,Product_C,56,21.49,1203.44
2026-05-15,Product_D,135,19.74,2664.9
2026-05-16,Product_B,148,22.08,3267.84
2026-05-17,Product_C,148,35.86,5307.28
2026-05-18,Product_A,188,18.36,3451.68
2026-05-19,Product_B,156,47.7,7441.2
2026-05-20,Product_B,70,46.24,3236.8
2026-05-21,Product_D,30,26.64,799.2
2026-05-22,Product_A,126,19.78,2492.28
2026-05-23,Product_B,184,29.09,5352.56
2026-05-24,Product_B,195,43.19,8422.05
2026-05-25,Product_D,53,34.37,1821.61
2026-05-26,Product_D,54,41.2,2224.8
2026-05-27,Product_A,17,28.97,492.49
2026-05-28,Product_A,36,33.48,1205.28
2026-05-29,Product_D,115,17.97,2066.55
2026-05-30,Product_A,113,38.07,4301.91
2026-05-31,Product_D,80,14.11,1128.8
2026-06-01,Product_B,68,36.27,2466.36
2026-06-02,Product_D,167,43.73,7302.91
2026-06-03,Product_B,97,10.94,1061.18
2026-06-04,Product_B,163,32.65,5321.95
2026-06-05,Product_C,193,9.28,1791.04
2026-06-06,Product_A,70,37.66,2636.2
2026-06-07,Product_C,48,8.8,422.4
2026-06-08,Product_C,191,47.12,8999.92
2026-06-09,Product_D,130,11.18,1453.4
2026-06-10,Product_D,65,48.15,3129.75
2026-06-11,Product_C,128,41.04,5253.12
2026-06-12,Product_B,107,31.72,3394.04
2026-06-13,Product_B,182,40.22,7320.04
2026-06-14,Product_B,58,40.78,2365.24
2026-06-15,Product_D,198,47.57,9418.86
2026-06-16,Product_B,187,16.4,3066.8
2026-06-17,Product_A,44,31.55,1388.2
2026-06-18,Product_B,41,9.28,380.48
2026-06-19,Product_A,111,32.73,3633.03
2026-06-20,Product_A,18,12.71,228.78
2026-06-21,Product_A,66,30.42,2007.72
2026-06-22,Product_D,92,30.76,2829.92
2026-06-23,Product_C,194,25.97,5038.18
2026-06-24,Product_C,198,28.52,5646.96
2026-06-25,Product_B,38,39.38,1496.44
2026-06-26,Product_C,179,40.97,7333.63
2026-06-27,Product_A,27,27.15,733.05
2026-06-28,Product_D,152,31.98,4860.96
2026-06-29,Product_C,170,46.91,7974.7
2026-06-30,Product_D,179,10.39,1859.81
